{
  "name": "foundryvtt-compendiums-mix-dnd5e",
  "title": "FoundryVTT Compendiums Mix",
  "description": "Compendiums collection from KoboldOGL, Summoner, Supplement Bestiary",
  "version": "1.0.1",
  "author": "4535992",
  "type": "module",
  "socket": true,
  "includes": [
    "./assets/**",
    "./lang/**",
    "./scripts/**",
    "./styles/**",
    "./templates/**",
    "./module.json",
    "./README.md",
    "./icons/**",
    "./packs/**"
  ],
  "media": [
    {
      "type": "icon",
      "location": ""
    },
    {
      "type": "cover",
      "location": ""
    },
    {
      "type": "screenshot",
      "location": ""
    }
  ],
  "languages": [],
  "systems": ["dnd5e"],
  "scripts": ["foundryvtt-compendiums-mix-dnd5e.js"],
  "esmodules": [],
  "styles": [],
  "packs": [
    {
      "name": "koboldpressmonsters",
      "label": "CM - OGL Kobold Press Monsters",
      "system": "dnd5e",
      "path": "packs/KPmonsters.db",
      "module" : "foundryvtt-compendiums-mix-dnd5e",
      "entity": "Actor"
    },
    {
      "name": "koboldpressspells",
      "label": "CM - OGL Kobold Press Spells",
      "system": "dnd5e",
      "path": "packs/KPspells.db",
      "module" : "foundryvtt-compendiums-mix-dnd5e",
      "entity": "Item"
    },
    {
      "name": "koboldpressmonsterswithimages",
      "label": "CM - OGL Kobold Press Monsters with images",
      "system": "dnd5e",
      "path": "packs/KPmonstersWithImages.db",
      "module" : "foundryvtt-compendiums-mix-dnd5e",
      "entity": "Actor"
    },
    {
      "name": "koboldpressspellswithimages",
      "label": "CM - OGL Kobold Press Spells with images",
      "system": "dnd5e",
      "path": "packs/KPspellsWithImages.db",
      "module" : "foundryvtt-compendiums-mix-dnd5e",
      "entity": "Item"
    },
    {
			"name": "bestiary",
			"label": "CM - Supplemental Bestiary",
			"system": "dnd5e",
			"path": "packs/bestiary.db",
      "module" : "foundryvtt-compendiums-mix-dnd5e",
			"entity": "Actor"
		},
    {
      "name" : "summoner-actors",
      "label" : "CM - Summoner Monsters",
      "path" : "packs/summoner.db",
      "module" : "foundryvtt-compendiums-mix-dnd5e",
      "entity" : "Actor"
    },
    {
      "name" : "summoner-macros",
      "label" : "CM - Summoner Macros",
      "path" : "packs/summoner-macros.db",
      "module" : "foundryvtt-compendiums-mix-dnd5e",
      "entity" : "Macro"
    },
    {
			"name": "bestiary",
			"label": "CM - Bestiary",
			"system": "dnd5e",
			"path": "packs/bestiary.db",
      "module" : "foundryvtt-compendiums-mix-dnd5e",
			"entity": "Actor"
		},
    {
      "name": "foundryvtt-lingering-injuries",
      "label": "CM - Lingering Injuries",
      "system": "dnd5e",
      "path": "packs/lingering-injuries.db",
      "module" : "foundryvtt-compendiums-mix-dnd5e",
      "entity": "JournalEntry"
    },
    {
      "name": "looting-macros",
      "label": "CM - Macro Looting",
      "path": "packs/looting-macro.db",
      "module" : "foundryvtt-compendiums-mix-dnd5e",
      "entity": "Macro"
    },
    {
      "name": "looting-items",
      "label": "CM - Looting Items Currency",
      "path": "packs/item-currency.db",
      "module" : "foundryvtt-compendiums-mix-dnd5e",
      "entity": "Item"
    }
  ],
  "url": "https://github.com/p4535992/foundryvtt-compendiums-mix-dnd5e",
  "manifest": "https://raw.githubusercontent.com/p4535992/foundryvtt-compendiums-mix-dnd5e/master/src/module.json",
  "download": "https://raw.githubusercontent.com/p4535992/foundryvtt-compendiums-mix-dnd5e/master/package/foundryvtt-compendiums-mix-dnd5e-v1.0.1.zip",
  "minimumCoreVersion": "0.8.6",
  "compatibleCoreVersion": "0.8.6",
  "changelog": "https://raw.githubusercontent.com/p4535992/foundryvtt-compendiums-mix-dnd5e/master/changelog.md",
  "bugs": "https://github.com/p4535992/foundryvtt-compendiums-mix-dnd5e/issues",
  "allowBugReporter": true
}