{
  "name": "foundryvtt-compendiums-mix-dnd5e",
  "title": "FoundryVTT Compendiums Mix",
  "description": "Compendiums collection from KoboldOGL, Summoner, Supplement Bestiary, ecc.",
  "version": "1.0.6",
  "author": "4535992",
  "type": "module",
  "socket": true,
  "includes": [
    "./assets/**",
    "./lang/**",
    "./scripts/**",
    "./styles/**",
    "./templates/**",
    "./module.json",
    "./README.md",
    "./icons/**",
    "./packs/**"
  ],
  "media": [
    {
      "type": "icon",
      "location": ""
    },
    {
      "type": "cover",
      "location": ""
    },
    {
      "type": "screenshot",
      "location": ""
    }
  ],
  "languages": [],
  "systems": ["dnd5e"],
  "scripts": ["foundryvtt-compendiums-mix-dnd5e.js"],
  "esmodules": [],
  "styles": [],
  "packs": [
    {
      "name": "koboldpressmonsters",
      "label": "CM - OGL Kobold Press Monsters",
      "system": "dnd5e",
      "path": "packs/KPmonsters.db",
      "module" : "foundryvtt-compendiums-mix-dnd5e",
      "entity": "Actor"
    },
    {
      "name": "koboldpressspells",
      "label": "CM - OGL Kobold Press Spells",
      "system": "dnd5e",
      "path": "packs/KPspells.db",
      "module" : "foundryvtt-compendiums-mix-dnd5e",
      "entity": "Item"
    },
    {
      "name": "koboldpressmonsterswithimages",
      "label": "CM - OGL Kobold Press Monsters with images",
      "system": "dnd5e",
      "path": "packs/KPmonstersWithImages.db",
      "module" : "foundryvtt-compendiums-mix-dnd5e",
      "entity": "Actor"
    },
    {
      "name": "koboldpressspellswithimages",
      "label": "CM - OGL Kobold Press Spells with images",
      "system": "dnd5e",
      "path": "packs/KPspellsWithImages.db",
      "module" : "foundryvtt-compendiums-mix-dnd5e",
      "entity": "Item"
    },
    {
			"name": "bestiary",
			"label": "CM - Supplemental Bestiary",
			"system": "dnd5e",
			"path": "packs/bestiary.db",
      "module" : "foundryvtt-compendiums-mix-dnd5e",
			"entity": "Actor"
		},
    {
      "name" : "summoner-actors",
      "label" : "CM - Summoner Monsters",
      "path" : "packs/summoner.db",
      "module" : "foundryvtt-compendiums-mix-dnd5e",
      "entity" : "Actor"
    },
    {
      "name" : "summoner-macros",
      "label" : "CM - Summoner Macros",
      "path" : "packs/summoner-macros.db",
      "module" : "foundryvtt-compendiums-mix-dnd5e",
      "entity" : "Macro"
    },
    {
      "name": "foundryvtt-lingering-injuries",
      "label": "CM - Lingering Injuries",
      "system": "dnd5e",
      "path": "packs/lingering-injuries.db",
      "module" : "foundryvtt-compendiums-mix-dnd5e",
      "entity": "JournalEntry"
    },
    {
      "name": "looting-macros",
      "label": "CM - Macro Looting",
      "path": "packs/looting-macro.db",
      "module" : "foundryvtt-compendiums-mix-dnd5e",
      "entity": "Macro"
    },
    {
      "name": "looting-items",
      "label": "CM - Looting Items Currency",
      "path": "packs/item-currency.db",
      "module" : "foundryvtt-compendiums-mix-dnd5e",
      "entity": "Item"
    },
    {
      "name": "1000-fish",
      "label": "CM - 1000 Fish",
      "path": "packs/1000-fish.db",
      "module" : "foundryvtt-compendiums-mix-dnd5e",
      "entity": "RollTable"
    },
    {
      "name": "h-d-tables-de-tresors",
      "label": "CM - H&D - Tables de trésors",
      "path": "packs/h-d-tables-de-tresors.db",
      "entity": "RollTable",
      "module" : "foundryvtt-compendiums-mix-dnd5e"
    },
    {
        "name": "h-d-conditions",
        "label": "CM - H&D - Conditions",
        "path": "packs/h-d-conditions.db",
        "entity": "JournalEntry",
        "module" : "foundryvtt-compendiums-mix-dnd5e"
    },
    {
        "name": "h-d-dons",
        "label": "CM - H&D - Dons",
        "path": "packs/h-d-dons.db",
        "entity": "Item",
        "module" : "foundryvtt-compendiums-mix-dnd5e"
    },
    {
        "name": "h-d-capacites-de-classes",
        "label": "CM - H&D - Capacités de Classes",
        "path": "packs/h-d-capacites-de-classes.db",
        "entity": "Item",
        "module" : "foundryvtt-compendiums-mix-dnd5e"
    },
    {
        "name": "h-d-grimoire",
        "label": "CM - H&D - Grimoire",
        "path": "packs/h-d-grimoire.db",
        "entity": "Item",
        "module" : "foundryvtt-compendiums-mix-dnd5e"
    },
    {
        "name": "h-d-bestaire",
        "label": "CM - H&D - Bestaire",
        "path": "packs/h-d-bestiaire.db",
        "entity": "Actor",
        "module" : "foundryvtt-compendiums-mix-dnd5e"
    },
    {
        "name": "h-d-races",
        "label": "CM - H&D - Races",
        "path": "packs/h-d-races.db",
        "entity": "Item",
        "module" : "foundryvtt-compendiums-mix-dnd5e"
    },
    {
        "name": "h-d-traits-raciaux",
        "label": "CM - H&D - Traits raciaux",
        "path": "packs/h-d-traits-raciaux.db",
        "entity": "Item",
        "module" : "foundryvtt-compendiums-mix-dnd5e"
    },
    {
        "name": "h-d-capacités-du-bestiaire",
        "label": "CM - H&D - Capacités du bestiaire",
        "path": "packs/h-d-capacites-du-bestiaire.db",
        "entity": "Item",
        "module" : "foundryvtt-compendiums-mix-dnd5e"
    },
    {
        "name": "h-d-historiques",
        "label": "CM - H&D - Historiques",
        "path": "packs/h-d-historiques.db",
        "entity": "Item",
        "module" : "foundryvtt-compendiums-mix-dnd5e"
    },
    {
        "name": "h-d-équipement-aventurier",
        "label": "CM - H&D - Equipement d'aventurier",
        "path": "packs/h-d-equipement-aventurier.db",
        "entity": "Item",
        "module" : "foundryvtt-compendiums-mix-dnd5e"
    },
    {
        "name": "h-d-objets-magiques-et-trésors",
        "label": "CM - H&D - Objets magiques et trésors",
        "path": "packs/h-d-objets-magiques-et-tresors.db",
        "entity": "Item",
        "module" : "foundryvtt-compendiums-mix-dnd5e"
    },
    {
        "name": "h-d-classes-et-specialisations",
        "label": "CM - H&D - Classes et spécialisations",
        "path": "packs/h-d-classes-et-specialisations.db",
        "entity": "Item",
        "module" : "foundryvtt-compendiums-mix-dnd5e"
    },
    {
        "name": "h-d-tables-de-rencontres-aleatoires",
        "label": "CM - H&D - Tables-de-rencontres-aleatoires",
        "path": "packs/h-d-tables-de-rencontres-aleatoires.db",
        "entity": "RollTable",
        "module" : "foundryvtt-compendiums-mix-dnd5e"
    },
    {
        "name": "h-d-tables-d'evenements-aleatoires",
        "label": "CM - H&D - Tables-d'évènements-aleatoires",
        "path": "packs/h-d-tables-d'evenements-aleatoires.db",
        "entity": "RollTable",
        "module" : "foundryvtt-compendiums-mix-dnd5e"
    },
    {
        "name": "h-d-poisons-et-maladies",
        "label": "CM - H&D - Poisons et maladies",
        "path": "packs/h-d-poisons-et-maladies.db",
        "entity": "Item",
        "module" : "foundryvtt-compendiums-mix-dnd5e"
    },
    {
        "name": "h-d-folies",
        "label": "CM - H&D - Folies",
        "path": "packs/h-d-folies.db",
        "entity": "RollTable",
        "module" : "foundryvtt-compendiums-mix-dnd5e"
    },
    {
        "name": "h-d-pieges",
        "label": "CM - H&D - Pièges",
        "path": "packs/h-d-pieges.db",
        "entity": "Actor",
        "module" : "foundryvtt-compendiums-mix-dnd5e"
    },
    {
        "name": "h-d-aptitudes-historiques",
        "label": "CM - H&D - Aptitudes d'historiques",
        "path": "packs/h-d-aptitudes-historiques.db",
        "entity": "Item",
        "module" : "foundryvtt-compendiums-mix-dnd5e"
    },
    {
      "name": "um5-feats",
      "label": "CM - UM5 Ch.1: Skills, Proficiencies, & Feats",
      "path": "packs/um5-feats.db",
      "entity": "Item",
      "module" : "foundryvtt-compendiums-mix-dnd5e"
    },
    {
      "name": "um5-backgrounds",
      "label": "CM - UM5 Ch.2: Backgrounds",
      "path": "packs/um5-backgrounds.db",
      "entity": "Item",
      "module" : "foundryvtt-compendiums-mix-dnd5e"
    },
    {
      "name": "um5-tables",
      "label": "CM - UM5 Ch.2: Lifepath & Life Events",
      "path": "packs/um5-lifetables.db",
      "entity": "RollTable",
      "module" : "foundryvtt-compendiums-mix-dnd5e"
    },
    {
      "name": "um5-ladders",
      "label": "CM - UM5 Ch.3: Ladders",
      "path": "packs/um5-ladders.db",
      "entity": "Item",
      "module" : "foundryvtt-compendiums-mix-dnd5e"
    },
    {
      "name": "um5-classes",
      "label": "CM - UM5 Ch.4: Classes",
      "path": "packs/um5-classes.db",
      "entity": "Item",
      "module" : "foundryvtt-compendiums-mix-dnd5e"
    },
    {
      "name": "um5-classfeatures",
      "label": "CM - UM5 Ch.4 Class Features",
      "path": "packs/um5-classfeatures.db",
      "entity": "Item",
      "module" : "foundryvtt-compendiums-mix-dnd5e"
    },
    {
      "name": "um5-archetypes",
      "label": "CM - UM5 Ch.5: Archetypes",
      "path": "packs/um5-archetypes.db",
      "entity": "Item",
      "module" : "foundryvtt-compendiums-mix-dnd5e"
    },
    {
      "name": "um5-rules",
      "label": "CM - UM5 Ch.6: New Rules Summary",
      "path": "packs/um5-rules.db",
      "entity": "JournalEntry",
      "module" : "foundryvtt-compendiums-mix-dnd5e"
    },
    {
      "name": "um5-weaponproperties",
      "label": "CM - UM5 Ch.6: New Weapon Properties",
      "path": "packs/um5-weaponproperties.db",
      "entity": "JournalEntry",
      "module" : "foundryvtt-compendiums-mix-dnd5e"
    },
    {
      "name": "um5-equipment",
      "label": "CM - UM5 Ch.6: Equipment",
      "path": "packs/um5-equipment.db",
      "entity": "Item",
      "module" : "foundryvtt-compendiums-mix-dnd5e"
    },
    {
      "name": "um5-vehicles",
      "label": "CM - UM5 Ch.6: Vehicles",
      "path": "packs/um5-vehicles.db",
      "entity": "Actor",
      "module" : "foundryvtt-compendiums-mix-dnd5e"
    },
    {
      "name": "um5-mechs",
      "label": "CM - UM5 Ch.6: Exo-Armor (Mechs)",
      "path": "packs/um5-mechs.db",
      "entity": "Actor",
      "module" : "foundryvtt-compendiums-mix-dnd5e"
    },
    {
      "name": "um5-characters",
      "label": "CM - UM5 Characters",
      "path": "packs/um5-characters.db",
      "entity": "Actor",
      "module" : "foundryvtt-compendiums-mix-dnd5e"
    },
    {
      "name": "um5-antagonists",
      "label": "CM - UM5 Ch.7: Antagonists & Enemies",
      "path": "packs/um5-antagonists.db",
      "entity": "Actor",
      "module" : "foundryvtt-compendiums-mix-dnd5e"
    },
    {
      "name": "um5-antagonisttraits",
      "label": "CM - UM5 Ch.7: Antagonist Traits",
      "path": "packs/um5-antagonisttraits.db",
      "entity": "Item",
      "module" : "foundryvtt-compendiums-mix-dnd5e"
    },
    {
      "name": "um5-modernscenes",
      "label": "CM - UM5 Modern Locations",
      "path": "packs/um5-modernscenes.db",
      "entity": "Scene",
      "module" : "foundryvtt-compendiums-mix-dnd5e"
    },
    {
			"name": "me5e-backgrounds-me5e",
			"label": "CM - Backgrounds (ME5e)",
			"system": "dnd5e",
			"path": "packs/me5e-backgrounds-me5e.db",
			"entity": "Item",
      "module" : "foundryvtt-compendiums-mix-dnd5e"
		},
		{
			"name": "me5e-bestiary-me5e",
			"label": "CM - Bestiary (ME5e)",
			"system": "dnd5e",
			"path": "packs/me5e-bestiary-me5e.db",
			"entity": "Actor",
      "module" : "foundryvtt-compendiums-mix-dnd5e"
		},
		{
			"name": "me5e-classes-me5e",
			"label": "CM - Classes (ME5e)",
			"system": "dnd5e",
			"path": "packs/me5e-classes-me5e.db",
			"entity": "Item",
      "module" : "foundryvtt-compendiums-mix-dnd5e"
		},
		{
			"name": "me5e-class-features-me5e",
			"label": "CM - Class Features (ME5e)",
			"system": "dnd5e",
			"path": "packs/me5e-class-features-me5e.db",
			"entity": "Item",
      "module" : "foundryvtt-compendiums-mix-dnd5e"
		},
		{
			"name": "me5e-feats-me5e",
			"label": "CM - Feats (ME5e)",
			"system": "dnd5e",
			"path": "packs/me5e-feats-me5e.db",
			"entity": "Item",
      "module" : "foundryvtt-compendiums-mix-dnd5e"
		},
		{
			"name": "me5e-item-catalogue-me5e",
			"label": "CM - Item Catalogue (ME5e)",
			"system": "dnd5e",
			"path": "packs/me5e-item-catalogue-me5e.db",
			"entity": "Item",
      "module" : "foundryvtt-compendiums-mix-dnd5e"
		},
		{
			"name": "me5e-racial-features-me5e",
			"label": "CM - Racial Features (ME5e)",
			"system": "dnd5e",
			"path": "packs/me5e-racial-features-me5e.db",
			"entity": "Item",
      "module" : "foundryvtt-compendiums-mix-dnd5e"
		},
		{
			"name": "me5e-spells-me5e",
			"label": "CM - Spells (ME5e)",
			"system": "dnd5e",
			"path": "packs/me5e-spells-me5e.db",
			"entity": "Item",
      "module" : "foundryvtt-compendiums-mix-dnd5e"
		},
		{
			"name": "me5e-vehiclesme5e",
			"label": "CM - Vehicles (ME5e)",
			"system": "dnd5e",
			"path": "packs/me5e-vehiclesme5e.db",
			"entity": "Actor",
      "module" : "foundryvtt-compendiums-mix-dnd5e"
		},
    {
      "name": "fantasyplants-plants",
      "label": "CM - Fantasy Plants",
      "path": "packs/fantasyplants-plants.db",
      "entity": "Item",
      "module" : "foundryvtt-compendiums-mix-dnd5e"
    },
    {
      "name": "fantasyplants-planttables",
      "label": "CM - Fantasy Plants RollTables",
      "path": "packs/fantasyplants-plantrolltables.db",
      "entity": "RollTable",
      "module" : "foundryvtt-compendiums-mix-dnd5e"
    }
  ],
  "dependencies": [
  ],
  "url": "https://github.com/p4535992/foundryvtt-compendiums-mix-dnd5e",
  "manifest": "https://raw.githubusercontent.com/p4535992/foundryvtt-compendiums-mix-dnd5e/master/src/module.json",
  "download": "https://raw.githubusercontent.com/p4535992/foundryvtt-compendiums-mix-dnd5e/master/package/foundryvtt-compendiums-mix-dnd5e-v1.0.6.zip",
  "minimumCoreVersion": "0.8.6",
  "compatibleCoreVersion": "0.8.6",
  "changelog": "https://raw.githubusercontent.com/p4535992/foundryvtt-compendiums-mix-dnd5e/master/changelog.md",
  "bugs": "https://github.com/p4535992/foundryvtt-compendiums-mix-dnd5e/issues",
  "allowBugReporter": true
}